Channel_URL,Uploader_Name,Video_Count
https://www.youtube.com/@CarolineGirvan,Caroline Girvan,65
https://www.youtube.com/@fitbymik,fitbymik,21
https://www.youtube.com/@growingannanas,growingannanas,21
https://www.youtube.com/@Heatherrobertsoncom,Heather Robinson,11
https://www.youtube.com/@JuiceandToya,Juice & Toya,13
https://www.youtube.com/@julia.reppel,mobility by julia reppel,5
https://www.youtube.com/@MadFit,madfit,28
https://www.youtube.com/@madymorrison,Mady Morrison,4
https://www.youtube.com/@midasmvmt,miDASMVMT,12
https://www.youtube.com/@MonikaFitt,MonikaFit,12
https://www.youtube.com/@NancySidhuYoga,Yoga With Nancy,5
https://www.youtube.com/@OliverSjostrom,Oliver Sjostrom,19
https://www.youtube.com/@Strengthside,Strength Side,1
https://www.youtube.com/@TheValeryOrtiz,Valery Ortiz,1
https://www.youtube.com/@TIFFxDAN,TIFF x DAN,21
https://www.youtube.com/@ToluOshonowo,Tolu Oshonowo,15
https://www.youtube.com/@TRAINWITHGAINSBYBRAINS,GainsByBrains,19
https://www.youtube.com/@yogawithadriene,Yoga With Adriene,5
https://www.youtube.com/@YogaWithBird,Yoga With Bird,5